uuid,path,timestamp
1,".\img\fixed_station_23_09_04.png","2023/10/01 14:00:00"
2,".\img\CQP3.png","2023/10/07 14:00:00"
3,".\img\CNFPOTA.png","2023/10/07 14:00:00"
4,".\img\breached_bridge_23_10_01.png","2023/10/07 14:00:00"
5,".\img\organ_23_01_28_31.png","2023/10/07 14:00:00"
6,".\img\three_rivers_23_01_17.png","2023/01/17 14:00:00"
7,".\img\VNPOTA.png","2023/10/07 14:00:00"
8,".\img\tamalpais_23_02_22.png","2023/02/22 14:00:00"
9,".\img\GBNPPOTA_23_05_24.png","2023/05/24 14:00:00"
10,".\img\POTA_tamalpais_23_08_17_18.png", "2023/08/07 14:00:00"
11,".\img\GBNP_23_05_27_POTA.png", "2023/05/27 14:00:00"
12,".\img\San_Bruno_23_03_02_POTA.png", "2023/03/02 14:00:00"
13,".\img\n5ilq_23_09_28.png", "2023_09_28 13:55:00"
14,".\img\n5ilq_23_09_28_2.png", "2023_09_28 13:55:00"
15,".\img\23_10_14_15_POTA_K_4514.png", "2023_10_14 14:00"
16,".\img\GBNP_23_05_26_POTA.png", "2023/05/26 14:00:00"
17,".\img\KG6HM.png", "2023/11/07 14:00:00"
